Region,District,Chiefdom,Hospital
South,Bo District,Bo City,Bo Government Hospital
South,Bo District,Bo City,Gilas Hospital
South,Bo District,Bo City,Kindoya Hospital
South,Bo District,Bo City,Mercy Ships (Bo City) Hospital
South,Bo District,Bumpe Ngao Chiefdom,Serabu Mission Hospital
South,Bo District,Kakua Chiefdom,Bo Childrens Hospital
South,Bo District,Kakua Chiefdom,Mamasa Life Saving Hospital
North,Bombali District,Makarie Chiefdom,Magbenteh Hospital
North,Bombali District,Makeni City,Branda Medical Centre Hospital
North,Bombali District,Makeni City,Holy Spirit Hospital
North,Bombali District,Makeni City,Makeni Government Hospital
North,Bombali District,Makeni City,New Hope Hospital
North,Bombali District,Makeni City,Stocco Leprosy and TB Hospital
South,Bonthe District,Imperi Chiefdom,Mount Hope Hospital
South,Bonthe District,Imperi Chiefdom,Sierra Rutile Hospital
South,Bonthe District,Jong Chiefdom,Henry Kormoi Community Hospital
South,Bonthe District,Jong Chiefdom,Mattru UBC Hospital
South,Bonthe District,Bonthe Town,Bonthe Government Hospital
East,Kailahun District,Luawa Chiefdom,Kailahun Government Hospital
East,Kailahun District,Njaluahun Chiefdom,Nixon Hospital
East,Kailahun District,Njaluahun Chiefdom,Njaluahun Military Hospital
North West,Kambia District,Magbema Chiefdom,Kambia Government Hospital
North West,Karene District,Sella Limba Chiefdom,Kamakwie Wesleyan Hospital
East,Kenema District,Kenema City,Ahmadiyya Muslim (Nongowa) Hospital
East,Kenema District,Kenema City,Kenema Government Hospital
East,Kenema District,Kenema City,Malian Friendship Hospital
East,Kenema District,Lower Bambara Chiefdom,Panguma Hospital
East,Kenema District,Nongowa Chiefdom,Medicins Sans Frontiere Hospital
North,Koinadugu District,Wara Wara Yagala Chiefdom,Kabala Government Hospital
East,Kono District,Koidu New Sembehun City,Hussein Mackie Memorial Hospital
East,Kono District,Koidu New Sembehun City,Koidu Government Hospital
East,Kono District,Koidu New Sembehun City,Paul Sorie Farma's Hospital
South,Moyamba District,Bumpeh Chiefdom,UMC Rotifunk Hospital
South,Moyamba District,Kaiyamba Chiefdom,Moyamba Government Hospital
South,Moyamba District,Kori Chiefdom,Njala University Hospital
North West,Port Loko District,Port Loko City,Port Loko Government Hospital
North West,Port Loko District,Kaffu Bullom Chiefdom,Bai Bureh Memorial Hospital
North West,Port Loko District,Kaffu Bullom Chiefdom,Lungi Government Hospital
North West,Port Loko District,Lokomasama Chiefdom,Love Bridge Hospital
North West,Port Loko District,Marampa Chiefdom,Baptist Eye Hospital
North West,Port Loko District,Marampa Chiefdom,St John of God Hospital
South,Pujehun District,Kpanga Chiefdom,Pujehun Government Hospital
North,Tonkolili District,Gbokolenken Yele Chiefdom,Lion Heart Hospital
North,Tonkolili District,Kholifa Rowalla Chiefdom,Magburaka Government Hospital
North,Tonkolili District,Kholifa Rowalla Chiefdom,Masanga Hospital
North,Tonkolili District,Yoni Mamala Chiefdom,Ahmadiyya Muslim (Yoni Mamala) Hospital
North,Tonkolili District,Yoni Mamala Chiefdom,Community Health Foundation (Mile 91) Hospital
North,Tonkolili District,Yoni Mamala Chiefdom,Yonibana Sai Hospital
Western Area,Western Area Rural District,Waterloo Rural Zone,Adra Hospital
Western Area,Western Area Rural District,Waterloo Rural Zone,Mariama Hassan Hospital
Western Area,Western Area Rural District,Waterloo Rural Zone,Sierra Leone-China Teaching Hospital
Western Area,Western Area Rural District,Waterloo Rural Zone,Waterloo Rural Community Hospital
Western Area,Western Area Rural District,York Rural Zone,Emergency (Goderich) Hospital
Western Area,Western Area Rural District,York Rural Zone,Lakka Government Hospital
Western Area,Western Area Urban District,Central 1 Zone,Abernita Hospital
Western Area,Western Area Urban District,Central 1 Zone,Macauley Street Government Hospital
Western Area,Western Area Urban District,Central 2 Zone,Connaught Hospital
Western Area,Western Area Urban District,Central 2 Zone,Dr Victor Willoughby Memorial Hospital
Western Area,Western Area Urban District,Central 2 Zone,Shuman (Kroo Bay) Hospital
Western Area,Western Area Urban District,Central 2 Zone,Sing Song Hospital
Western Area,Western Area Urban District,Central 2 Zone,St Mary's Immaculate Hospital
Western Area,Western Area Urban District,East 1 Zone,Mayorba Hospital
Western Area,Western Area Urban District,East 1 Zone,Ola During Children's Hospital
Western Area,Western Area Urban District,East 1 Zone,Princess Christian Maternity Hospital
Western Area,Western Area Urban District,East 3 Zone,Ahmadiyya Muslim (Calaba Town) Hospital
Western Area,Western Area Urban District,East 3 Zone,Edemsil Hospital
Western Area,Western Area Urban District,East 3 Zone,Gbaneh Hospital
Western Area,Western Area Urban District,East 3 Zone,Life Care (Kissy) Hospital
Western Area,Western Area Urban District,East 3 Zone,Lowell and Ruth Gess UMC Eye Hospital
Western Area,Western Area Urban District,East 3 Zone,Rokupa Government Hospital
Western Area,Western Area Urban District,East 3 Zone,Shuman (Kissy) Hospital
Western Area,Western Area Urban District,East 3 Zone,Sierra Leone Psychiatric Hospital
Western Area,Western Area Urban District,East 3 Zone,United Methodist Church Urban Centre Hospital
Western Area,Western Area Urban District,West 1 Zone,Kingtom Police Hospital
Western Area,Western Area Urban District,West 2 Zone,Blue Shield Hospital
Western Area,Western Area Urban District,West 2 Zone,Kingharman Road Hospital
Western Area,Western Area Urban District,West 2 Zone,NACTIB New Life Hospital
Western Area,Western Area Urban District,West 2 Zone,Pademba Correctional Hospital
Western Area,Western Area Urban District,West 2 Zone,Treasure Health Hospital
Western Area,Western Area Urban District,West 3 Zone,Aberdeen Women Centre Hospital
Western Area,Western Area Urban District,West 3 Zone,Choithrams Memorial Hospital
Western Area,Western Area Urban District,West 3 Zone,Davidson Nicol Medical Centre Hospital
Western Area,Western Area Urban District,West 3 Zone,Good Shepherd Hospital
Western Area,Western Area Urban District,West 3 Zone,Life Care (Lumley) Hospital
Western Area,Western Area Urban District,West 3 Zone,Lumley Government Hospital
Western Area,Western Area Urban District,West 3 Zone,Mariposa Hospital
Western Area,Western Area Urban District,West 3 Zone,Samaritan Hospital
Western Area,Western Area Urban District,West 3 Zone,Wilberforce 34 Military Hospital
