"adm1","adm3","pop","year","population"
"Bo District","Badjia Chiefdom","pop","2021","9518"
"Bo District","Badjia Chiefdom","pop","2022","9743"
"Bo District","Badjia Chiefdom","pop","2023","10033"
"Bo District","Badjia Chiefdom","pop","2024","10289"
"Bo District","Badjia Chiefdom","pop","2025","10544.710349190093"
"Bo District","Bargbo Chiefdom","pop","2021","30285"
"Bo District","Bargbo Chiefdom","pop","2022","31001"
"Bo District","Bargbo Chiefdom","pop","2023","31923"
"Bo District","Bargbo Chiefdom","pop","2024","32737"
"Bo District","Bargbo Chiefdom","pop","2025","33548.71531975186"
"Bo District","Bagbwe Chiefdom","pop","2021","24484"
"Bo District","Bagbwe Chiefdom","pop","2022","25063"
"Bo District","Bagbwe Chiefdom","pop","2023","25809"
"Bo District","Bagbwe Chiefdom","pop","2024","26467"
"Bo District","Bagbwe Chiefdom","pop","2025","27123.110558753964"
"Moyamba District","Bagruwa Chiefdom","pop","2021","32319"
"Moyamba District","Bagruwa Chiefdom","pop","2022","33084"
"Moyamba District","Bagruwa Chiefdom","pop","2023","34068"
"Moyamba District","Bagruwa Chiefdom","pop","2024","34938"
"Moyamba District","Bagruwa Chiefdom","pop","2025","35803.22578125025"
"Port Loko District","Bake-Loko Chiefdom","pop","2021","9095"
"Port Loko District","Bake-Loko Chiefdom","pop","2022","9310"
"Port Loko District","Bake-Loko Chiefdom","pop","2023","9587"
"Port Loko District","Bake-Loko Chiefdom","pop","2024","9832"
"Port Loko District","Bake-Loko Chiefdom","pop","2025","10075.812164514817"
"Pujehun District","Barri Chiefdom","pop","2021","43179"
"Pujehun District","Barri Chiefdom","pop","2022","44201"
"Pujehun District","Barri Chiefdom","pop","2023","45516"
"Pujehun District","Barri Chiefdom","pop","2024","46677"
"Pujehun District","Barri Chiefdom","pop","2025","47833.61353433685"
"Bonthe District","Bendu-Cha Chiefdom","pop","2021","8387"
"Bonthe District","Bendu-Cha Chiefdom","pop","2022","8585"
"Bonthe District","Bendu-Cha Chiefdom","pop","2023","8841"
"Bonthe District","Bendu-Cha Chiefdom","pop","2024","9067"
"Bonthe District","Bendu-Cha Chiefdom","pop","2025","9291.98236326659"
"Bombali District","Biriwa Chiefdom","pop","2021","55348"
"Bombali District","Biriwa Chiefdom","pop","2022","56657"
"Bombali District","Biriwa Chiefdom","pop","2023","58342"
"Bombali District","Biriwa Chiefdom","pop","2024","59829"
"Bombali District","Biriwa Chiefdom","pop","2025","61312.68672365902"
"Bo District","Bo City","pop","2021","204014"
"Bo District","Bo City","pop","2022","208843"
"Bo District","Bo City","pop","2023","215001"
"Bo District","Bo City","pop","2024","220537"
"Bo District","Bo City","pop","2025","226001.92653311556"
"Bo District","Baoma Chiefdom","pop","2021","53628"
"Bo District","Baoma Chiefdom","pop","2022","54897"
"Bo District","Baoma Chiefdom","pop","2023","56529"
"Bo District","Baoma Chiefdom","pop","2024","57970"
"Bo District","Baoma Chiefdom","pop","2025","59407.10049766525"
"Bombali District","Bombali Sebora Chiefdom","pop","2021","33906"
"Bombali District","Bombali Sebora Chiefdom","pop","2022","34708"
"Bombali District","Bombali Sebora Chiefdom","pop","2023","35740"
"Bombali District","Bombali Sebora Chiefdom","pop","2024","36652"
"Bombali District","Bombali Sebora Chiefdom","pop","2025","37559.844353690474"
"Bombali District","Bombali Serry Chiefdom","pop","2021","8698"
"Bombali District","Bombali Serry Chiefdom","pop","2022","8904"
"Bombali District","Bombali Serry Chiefdom","pop","2023","9168"
"Bombali District","Bombali Serry Chiefdom","pop","2024","9402"
"Bombali District","Bombali Serry Chiefdom","pop","2025","9635.907684222446"
"Bo District","Bongor Chiefdom","pop","2021","19077"
"Bo District","Bongor Chiefdom","pop","2022","19529"
"Bo District","Bongor Chiefdom","pop","2023","20110"
"Bo District","Bongor Chiefdom","pop","2024","20623"
"Bo District","Bongor Chiefdom","pop","2025","21134.410929319176"
"Bonthe District","Bonthe Town","pop","2021","11788"
"Bonthe District","Bonthe Town","pop","2022","12067"
"Bonthe District","Bonthe Town","pop","2023","12426"
"Bonthe District","Bonthe Town","pop","2024","12743"
"Bonthe District","Bonthe Town","pop","2025","13059.164367224897"
"Kambia District","Bramaia Chiefdom","pop","2021","26986"
"Kambia District","Bramaia Chiefdom","pop","2022","27625"
"Kambia District","Bramaia Chiefdom","pop","2023","28446"
"Kambia District","Bramaia Chiefdom","pop","2024","29172"
"Kambia District","Bramaia Chiefdom","pop","2025","29895.508567505658"
"Bonthe District","Bum Chiefdom","pop","2021","28477"
"Bonthe District","Bum Chiefdom","pop","2022","29151"
"Bonthe District","Bum Chiefdom","pop","2023","30018"
"Bonthe District","Bum Chiefdom","pop","2024","30783"
"Bonthe District","Bum Chiefdom","pop","2025","31546.150151511807"
"Bo District","Bumpe Ngao Chiefdom","pop","2021","51807"
"Bo District","Bumpe Ngao Chiefdom","pop","2022","53033"
"Bo District","Bumpe Ngao Chiefdom","pop","2023","54610"
"Bo District","Bumpe Ngao Chiefdom","pop","2024","56004"
"Bo District","Bumpe Ngao Chiefdom","pop","2025","57391.53815159838"
"Moyamba District","Bumpeh Chiefdom","pop","2021","43811"
"Moyamba District","Bumpeh Chiefdom","pop","2022","44848"
"Moyamba District","Bumpeh Chiefdom","pop","2023","46181"
"Moyamba District","Bumpeh Chiefdom","pop","2024","47359"
"Moyamba District","Bumpeh Chiefdom","pop","2025","48532.461788255874"
"Port Loko District","Bureh Chiefdom","pop","2021","18329"
"Port Loko District","Bureh Chiefdom","pop","2022","18763"
"Port Loko District","Bureh Chiefdom","pop","2023","19322"
"Port Loko District","Bureh Chiefdom","pop","2024","19814"
"Port Loko District","Bureh Chiefdom","pop","2025","20305.59089713196"
"Karene District","Buya Chiefdom","pop","2021","15414"
"Karene District","Buya Chiefdom","pop","2022","15779"
"Karene District","Buya Chiefdom","pop","2023","16248"
"Karene District","Buya Chiefdom","pop","2024","16662"
"Karene District","Buya Chiefdom","pop","2025","17075.292315712297"
"Western Urban District","Central 1 Zone","pop","2021","73125"
"Western Urban District","Central 1 Zone","pop","2022","74855"
"Western Urban District","Central 1 Zone","pop","2023","77081"
"Western Urban District","Central 1 Zone","pop","2024","79048"
"Western Urban District","Central 1 Zone","pop","2025","81006.41048002068"
"Western Urban District","Central 2 Zone","pop","2021","25054"
"Western Urban District","Central 2 Zone","pop","2022","25646"
"Western Urban District","Central 2 Zone","pop","2023","26409"
"Western Urban District","Central 2 Zone","pop","2024","27082"
"Western Urban District","Central 2 Zone","pop","2025","27753.973574809617"
"Kenema District","Dama Chiefdom","pop","2021","35979"
"Kenema District","Dama Chiefdom","pop","2022","36831"
"Kenema District","Dama Chiefdom","pop","2023","37926"
"Kenema District","Dama Chiefdom","pop","2024","38893"
"Kenema District","Dama Chiefdom","pop","2025","39857.34548030836"
"Tonkolili District","Dansogoia Chiefdom","pop","2021","28612"
"Tonkolili District","Dansogoia Chiefdom","pop","2022","29289"
"Tonkolili District","Dansogoia Chiefdom","pop","2023","30160"
"Tonkolili District","Dansogoia Chiefdom","pop","2024","30929"
"Tonkolili District","Dansogoia Chiefdom","pop","2025","31696.117587975114"
"Moyamba District","Dasse Chiefdom","pop","2021","15464"
"Moyamba District","Dasse Chiefdom","pop","2022","15830"
"Moyamba District","Dasse Chiefdom","pop","2023","16301"
"Moyamba District","Dasse Chiefdom","pop","2024","16716"
"Moyamba District","Dasse Chiefdom","pop","2025","17131.2801586586"
"Kailahun District","Dea Chiefdom","pop","2021","15695"
"Kailahun District","Dea Chiefdom","pop","2022","16066"
"Kailahun District","Dea Chiefdom","pop","2023","16544"
"Kailahun District","Dea Chiefdom","pop","2024","16965"
"Kailahun District","Dea Chiefdom","pop","2025","17386.224800646225"
"Falaba District","Delmandugu Chiefdom","pop","2021","24586"
"Falaba District","Delmandugu Chiefdom","pop","2022","25167"
"Falaba District","Delmandugu Chiefdom","pop","2023","25916"
"Falaba District","Delmandugu Chiefdom","pop","2024","26577"
"Falaba District","Delmandugu Chiefdom","pop","2025","27236.086027556325"
"Bonthe District","Dema Chiefdom","pop","2021","8671"
"Bonthe District","Dema Chiefdom","pop","2022","8876"
"Bonthe District","Dema Chiefdom","pop","2023","9140"
"Bonthe District","Dema Chiefdom","pop","2024","9373"
"Bonthe District","Dema Chiefdom","pop","2025","9605.914196929782"
"Falaba District","Folosaba Kamba Chiefdom","pop","2021","11967"
"Falaba District","Folosaba Kamba Chiefdom","pop","2022","12250"
"Falaba District","Folosaba Kamba Chiefdom","pop","2023","12615"
"Falaba District","Folosaba Kamba Chiefdom","pop","2024","12937"
"Falaba District","Folosaba Kamba Chiefdom","pop","2025","13258.12116626622"
"Falaba District","Dembelia-Sinkunia Chiefdom","pop","2021","25096"
"Falaba District","Dembelia-Sinkunia Chiefdom","pop","2022","25690"
"Falaba District","Dembelia-Sinkunia Chiefdom","pop","2023","26453"
"Falaba District","Dembelia-Sinkunia Chiefdom","pop","2024","27128"
"Falaba District","Dembelia-Sinkunia Chiefdom","pop","2025","27799.963588658364"
"Koinadugu District","Diang Chiefdom","pop","2021","34004"
"Koinadugu District","Diang Chiefdom","pop","2022","34809"
"Koinadugu District","Diang Chiefdom","pop","2023","35844"
"Koinadugu District","Diang Chiefdom","pop","2024","36758"
"Koinadugu District","Diang Chiefdom","pop","2025","37669.82047376357"
"Karene District","Dibia Chiefdom","pop","2021","18157"
"Karene District","Dibia Chiefdom","pop","2022","18587"
"Karene District","Dibia Chiefdom","pop","2023","19141"
"Karene District","Dibia Chiefdom","pop","2024","19629"
"Karene District","Dibia Chiefdom","pop","2025","20115.632144278436"
"Kambia District","Dixon Chiefdom","pop","2021","9348"
"Kambia District","Dixon Chiefdom","pop","2022","9570"
"Kambia District","Dixon Chiefdom","pop","2023","9855"
"Kambia District","Dixon Chiefdom","pop","2024","10106"
"Kambia District","Dixon Chiefdom","pop","2025","10356.75116215608"
"Kenema District","Dodo Chiefdom","pop","2021","26744"
"Kenema District","Dodo Chiefdom","pop","2022","27377"
"Kenema District","Dodo Chiefdom","pop","2023","28192"
"Kenema District","Dodo Chiefdom","pop","2024","28911"
"Kenema District","Dodo Chiefdom","pop","2025","29627.566747691217"
"Western Urban District","East 1 Zone","pop","2021","71656"
"Western Urban District","East 1 Zone","pop","2022","73352"
"Western Urban District","East 1 Zone","pop","2023","75533"
"Western Urban District","East 1 Zone","pop","2024","77459"
"Western Urban District","East 1 Zone","pop","2025","79378.76390293891"
"Western Urban District","East 2 Zone","pop","2021","104751"
"Western Urban District","East 2 Zone","pop","2022","107231"
"Western Urban District","East 2 Zone","pop","2023","110419"
"Western Urban District","East 2 Zone","pop","2024","113236"
"Western Urban District","East 2 Zone","pop","2025","116041.8029865788"
"Western Urban District","East 3 Zone","pop","2021","524836"
"Western Urban District","East 3 Zone","pop","2022","537257"
"Western Urban District","East 3 Zone","pop","2023","553179"
"Western Urban District","East 3 Zone","pop","2024","567340"
"Western Urban District","East 3 Zone","pop","2025","581397.7568125932"
"Moyamba District","Fakunya Chiefdom","pop","2021","32346"
"Moyamba District","Fakunya Chiefdom","pop","2022","33112"
"Moyamba District","Fakunya Chiefdom","pop","2023","34096"
"Moyamba District","Fakunya Chiefdom","pop","2024","34966"
"Moyamba District","Fakunya Chiefdom","pop","2025","35832.21948563316"
"Kono District","Fiama Chiefdom","pop","2021","18083"
"Kono District","Fiama Chiefdom","pop","2022","18511"
"Kono District","Fiama Chiefdom","pop","2023","19061"
"Kono District","Fiama Chiefdom","pop","2024","19547"
"Kono District","Fiama Chiefdom","pop","2025","20032.65016276874"
"Falaba District","Folosaba Dembelia Chiefdom","pop","2021","12509"
"Falaba District","Folosaba Dembelia Chiefdom","pop","2022","12805"
"Falaba District","Folosaba Dembelia Chiefdom","pop","2023","13186"
"Falaba District","Folosaba Dembelia Chiefdom","pop","2024","13522"
"Falaba District","Folosaba Dembelia Chiefdom","pop","2025","13857.990912119456"
"Pujehun District","Galliness Chiefdom","pop","2021","27273"
"Pujehun District","Galliness Chiefdom","pop","2022","27919"
"Pujehun District","Galliness Chiefdom","pop","2023","28749"
"Pujehun District","Galliness Chiefdom","pop","2024","29483"
"Pujehun District","Galliness Chiefdom","pop","2025","30214.439315717627"
"Kenema District","Gaura Chiefdom","pop","2021","21314"
"Kenema District","Gaura Chiefdom","pop","2022","21819"
"Kenema District","Gaura Chiefdom","pop","2023","22467"
"Kenema District","Gaura Chiefdom","pop","2024","23040"
"Kenema District","Gaura Chiefdom","pop","2025","23610.87319678328"
"Kono District","Gbane Chiefdom","pop","2021","28553"
"Kono District","Gbane Chiefdom","pop","2022","29229"
"Kono District","Gbane Chiefdom","pop","2023","30098"
"Kono District","Gbane Chiefdom","pop","2024","30866"
"Kono District","Gbane Chiefdom","pop","2025","31631.131698841014"
"Kono District","Gbane Kandor Chiefdom","pop","2021","13927"
"Kono District","Gbane Kandor Chiefdom","pop","2022","14256"
"Kono District","Gbane Kandor Chiefdom","pop","2023","14680"
"Kono District","Gbane Kandor Chiefdom","pop","2024","15055"
"Kono District","Gbane Kandor Chiefdom","pop","2025","15428.649863345172"
"Bombali District","Gbanti (Bombali) Chiefdom","pop","2021","49293"
"Bombali District","Gbanti (Bombali) Chiefdom","pop","2022","50459"
"Bombali District","Gbanti (Bombali) Chiefdom","pop","2023","51960"
"Bombali District","Gbanti (Bombali) Chiefdom","pop","2024","53285"
"Bombali District","Gbanti (Bombali) Chiefdom","pop","2025","54606.14296501986"
"Karene District","Gbanti (Karene) Chiefdom","pop","2021","19468"
"Karene District","Gbanti (Karene) Chiefdom","pop","2022","19929"
"Karene District","Gbanti (Karene) Chiefdom","pop","2023","20522"
"Karene District","Gbanti (Karene) Chiefdom","pop","2024","21045"
"Karene District","Gbanti (Karene) Chiefdom","pop","2025","21567.31692924326"
"Bombali District","Gbendembu Chiefdom","pop","2021","21589"
"Bombali District","Gbendembu Chiefdom","pop","2022","22100"
"Bombali District","Gbendembu Chiefdom","pop","2023","22757"
"Bombali District","Gbendembu Chiefdom","pop","2024","23338"
"Bombali District","Gbendembu Chiefdom","pop","2025","23916.806767168426"
"Kono District","Gbense Chiefdom","pop","2021","18561"
"Kono District","Gbense Chiefdom","pop","2022","19000"
"Kono District","Gbense Chiefdom","pop","2023","19565"
"Kono District","Gbense Chiefdom","pop","2024","20064"
"Kono District","Gbense Chiefdom","pop","2025","20561.53532202934"
"Kambia District","Gbinleh Chiefdom","pop","2021","18069"
"Kambia District","Gbinleh Chiefdom","pop","2022","18496"
"Kambia District","Gbinleh Chiefdom","pop","2023","19047"
"Kambia District","Gbinleh Chiefdom","pop","2024","19533"
"Kambia District","Gbinleh Chiefdom","pop","2025","20017.65341912241"
"Bo District","Gbo Chiefdom","pop","2021","6322"
"Bo District","Gbo Chiefdom","pop","2022","6471"
"Bo District","Gbo Chiefdom","pop","2023","6664"
"Bo District","Gbo Chiefdom","pop","2024","6834"
"Bo District","Gbo Chiefdom","pop","2025","7003.479282836504"
"Koinadugu District","Gbonkorbor Kayaka Chiefdom","pop","2021","9042"
"Koinadugu District","Gbonkorbor Kayaka Chiefdom","pop","2022","9256"
"Koinadugu District","Gbonkorbor Kayaka Chiefdom","pop","2023","9532"
"Koinadugu District","Gbonkorbor Kayaka Chiefdom","pop","2024","9775"
"Koinadugu District","Gbonkorbor Kayaka Chiefdom","pop","2025","10017.824755749003"
"Tonkolili District","Gbokolenken Masankong Chiefdom","pop","2021","19996"
"Tonkolili District","Gbokolenken Masankong Chiefdom","pop","2022","20469"
"Tonkolili District","Gbokolenken Masankong Chiefdom","pop","2023","21077"
"Tonkolili District","Gbokolenken Masankong Chiefdom","pop","2024","21615"
"Tonkolili District","Gbokolenken Masankong Chiefdom","pop","2025","22151.190148540412"
"Kono District","Gorama Kono Chiefdom","pop","2021","50731"
"Kono District","Gorama Kono Chiefdom","pop","2022","51931"
"Kono District","Gorama Kono Chiefdom","pop","2023","53476"
"Kono District","Gorama Kono Chiefdom","pop","2024","54840"
"Kono District","Gorama Kono Chiefdom","pop","2025","56199.79692316996"
"Kenema District","Gorama Mende Chiefdom","pop","2021","21404"
"Kenema District","Gorama Mende Chiefdom","pop","2022","21911"
"Kenema District","Gorama Mende Chiefdom","pop","2023","22563"
"Kenema District","Gorama Mende Chiefdom","pop","2024","23139"
"Kenema District","Gorama Mende Chiefdom","pop","2025","23712.85105357833"
"Bonthe District","Imperi Chiefdom","pop","2021","39071"
"Bonthe District","Imperi Chiefdom","pop","2022","39996"
"Bonthe District","Imperi Chiefdom","pop","2023","41186"
"Bonthe District","Imperi Chiefdom","pop","2024","42236"
"Bonthe District","Imperi Chiefdom","pop","2025","43282.60172913032"
"Kailahun District","Jahn Chiefdom","pop","2021","12001"
"Kailahun District","Jahn Chiefdom","pop","2022","12285"
"Kailahun District","Jahn Chiefdom","pop","2023","12650"
"Kailahun District","Jahn Chiefdom","pop","2024","12973"
"Kailahun District","Jahn Chiefdom","pop","2025","13295.11313392717"
"Bo District","Jaiama Chiefdom","pop","2021","17542"
"Bo District","Jaiama Chiefdom","pop","2022","17957"
"Bo District","Jaiama Chiefdom","pop","2023","18491"
"Bo District","Jaiama Chiefdom","pop","2024","18963"
"Bo District","Jaiama Chiefdom","pop","2025","19433.78019982526"
"Kailahun District","Jawei Chiefdom","pop","2021","59613"
"Kailahun District","Jawei Chiefdom","pop","2022","61024"
"Kailahun District","Jawei Chiefdom","pop","2023","62839"
"Kailahun District","Jawei Chiefdom","pop","2024","64442"
"Kailahun District","Jawei Chiefdom","pop","2025","66038.66053807274"
"Bonthe District","Jong Chiefdom","pop","2021","39565"
"Bonthe District","Jong Chiefdom","pop","2022","40502"
"Bonthe District","Jong Chiefdom","pop","2023","41706"
"Bonthe District","Jong Chiefdom","pop","2024","42770"
"Bonthe District","Jong Chiefdom","pop","2025","43829.48298076652"
"Pujehun District","Kabonde Chiefdom","pop","2021","4176"
"Pujehun District","Kabonde Chiefdom","pop","2022","4275"
"Pujehun District","Kabonde Chiefdom","pop","2023","4402"
"Pujehun District","Kabonde Chiefdom","pop","2024","4515"
"Pujehun District","Kabonde Chiefdom","pop","2025","4626.9953063479425"
"Tonkolili District","Kafe Chiefdom","pop","2021","10162"
"Tonkolili District","Kafe Chiefdom","pop","2022","10402"
"Tonkolili District","Kafe Chiefdom","pop","2023","10711"
"Tonkolili District","Kafe Chiefdom","pop","2024","10985"
"Tonkolili District","Kafe Chiefdom","pop","2025","11257.555563845686"
"Port Loko District","Kaffu Bullom Chiefdom","pop","2021","140975"
"Port Loko District","Kaffu Bullom Chiefdom","pop","2022","144311"
"Port Loko District","Kaffu Bullom Chiefdom","pop","2023","148601"
"Port Loko District","Kaffu Bullom Chiefdom","pop","2024","152392"
"Port Loko District","Kaffu Bullom Chiefdom","pop","2025","156168.09006961135"
"Moyamba District","Kargboro Chiefdom","pop","2021","40789"
"Moyamba District","Kargboro Chiefdom","pop","2022","41754"
"Moyamba District","Kargboro Chiefdom","pop","2023","42996"
"Moyamba District","Kargboro Chiefdom","pop","2024","44093"
"Moyamba District","Kargboro Chiefdom","pop","2025","45186.18838930459"
"Moyamba District","Kaiyamba Chiefdom","pop","2021","30127"
"Moyamba District","Kaiyamba Chiefdom","pop","2022","30840"
"Moyamba District","Kaiyamba Chiefdom","pop","2023","31757"
"Moyamba District","Kaiyamba Chiefdom","pop","2024","32567"
"Moyamba District","Kaiyamba Chiefdom","pop","2025","33374.75309345441"
"Bo District","Kakua Chiefdom","pop","2021","59757"
"Bo District","Kakua Chiefdom","pop","2022","61172"
"Bo District","Kakua Chiefdom","pop","2023","62990"
"Bo District","Kakua Chiefdom","pop","2024","64597"
"Bo District","Kakua Chiefdom","pop","2025","66197.62602072385"
"Tonkolili District","Kalantuba Chiefdom","pop","2021","13350"
"Tonkolili District","Kalantuba Chiefdom","pop","2022","13666"
"Tonkolili District","Kalantuba Chiefdom","pop","2023","14072"
"Tonkolili District","Kalantuba Chiefdom","pop","2024","14431"
"Tonkolili District","Kalantuba Chiefdom","pop","2025","14789.788584011476"
"Koinadugu District","Kallian Chiefdom","pop","2021","26053"
"Koinadugu District","Kallian Chiefdom","pop","2022","26669"
"Koinadugu District","Kallian Chiefdom","pop","2023","27463"
"Koinadugu District","Kallian Chiefdom","pop","2024","28164"
"Koinadugu District","Kallian Chiefdom","pop","2025","28862.73282172834"
"Falaba District","Kamadugu Yiraia Chiefdom","pop","2021","15479"
"Falaba District","Kamadugu Yiraia Chiefdom","pop","2022","15846"
"Falaba District","Kamadugu Yiraia Chiefdom","pop","2023","16317"
"Falaba District","Kamadugu Yiraia Chiefdom","pop","2024","16734"
"Falaba District","Kamadugu Yiraia Chiefdom","pop","2025","17148.27646812444"
"Moyamba District","Kamajei Chiefdom","pop","2021","11893"
"Moyamba District","Kamajei Chiefdom","pop","2022","12175"
"Moyamba District","Kamajei Chiefdom","pop","2023","12537"
"Moyamba District","Kamajei Chiefdom","pop","2024","12857"
"Moyamba District","Kamajei Chiefdom","pop","2025","13176.138967666278"
"Kono District","Kamara Chiefdom","pop","2021","22712"
"Kono District","Kamara Chiefdom","pop","2022","23250"
"Kono District","Kamara Chiefdom","pop","2023","23942"
"Kono District","Kamara Chiefdom","pop","2024","24553"
"Kono District","Kamara Chiefdom","pop","2025","25161.536489813887"
"Bombali District","Kamaranka Chiefdom","pop","2021","13867"
"Bombali District","Kamaranka Chiefdom","pop","2022","14195"
"Bombali District","Kamaranka Chiefdom","pop","2023","14618"
"Bombali District","Kamaranka Chiefdom","pop","2024","14991"
"Bombali District","Kamaranka Chiefdom","pop","2025","15363.663974211071"
"Port Loko District","Kamasondo Chiefdom","pop","2021","35081"
"Port Loko District","Kamasondo Chiefdom","pop","2022","35911"
"Port Loko District","Kamasondo Chiefdom","pop","2023","36979"
"Port Loko District","Kamasondo Chiefdom","pop","2024","37923"
"Port Loko District","Kamasondo Chiefdom","pop","2025","38862.561485101745"
"Koinadugu District","Kamukeh Chiefdom","pop","2021","14259"
"Koinadugu District","Kamukeh Chiefdom","pop","2022","14596"
"Koinadugu District","Kamukeh Chiefdom","pop","2023","15031"
"Koinadugu District","Kamukeh Chiefdom","pop","2024","15414"
"Koinadugu District","Kamukeh Chiefdom","pop","2025","15796.569974135155"
"Kenema District","Kandu Leppiama Chiefdom","pop","2021","21328"
"Kenema District","Kandu Leppiama Chiefdom","pop","2022","21833"
"Kenema District","Kandu Leppiama Chiefdom","pop","2023","22482"
"Kenema District","Kandu Leppiama Chiefdom","pop","2024","23056"
"Kenema District","Kandu Leppiama Chiefdom","pop","2025","23627.86950624912"
"Port Loko District","Kasseh Chiefdom","pop","2021","16978"
"Port Loko District","Kasseh Chiefdom","pop","2022","17380"
"Port Loko District","Kasseh Chiefdom","pop","2023","17897"
"Port Loko District","Kasseh Chiefdom","pop","2024","18354"
"Port Loko District","Kasseh Chiefdom","pop","2025","18808.915881228142"
"Koinadugu District","Kasunko Kakellay Chiefdom","pop","2021","12664"
"Koinadugu District","Kasunko Kakellay Chiefdom","pop","2022","12964"
"Koinadugu District","Kasunko Kakellay Chiefdom","pop","2023","13350"
"Koinadugu District","Kasunko Kakellay Chiefdom","pop","2024","13690"
"Koinadugu District","Kasunko Kakellay Chiefdom","pop","2025","14029.953572597382"
"Falaba District","Kabelia Chiefdom","pop","2021","10497"
"Falaba District","Kabelia Chiefdom","pop","2022","10746"
"Falaba District","Kabelia Chiefdom","pop","2023","11066"
"Falaba District","Kabelia Chiefdom","pop","2024","11348"
"Falaba District","Kabelia Chiefdom","pop","2025","11629.474806274691"
"Kenema District","Kenema City","pop","2021","234521"
"Kenema District","Kenema City","pop","2022","240072"
"Kenema District","Kenema City","pop","2023","247208"
"Kenema District","Kenema City","pop","2024","253514"
"Kenema District","Kenema City","pop","2025","259795.58866575747"
"Tonkolili District","Kholifa Mabang Chiefdom","pop","2021","19499"
"Tonkolili District","Kholifa Mabang Chiefdom","pop","2022","19961"
"Tonkolili District","Kholifa Mabang Chiefdom","pop","2023","20555"
"Tonkolili District","Kholifa Mabang Chiefdom","pop","2024","21079"
"Tonkolili District","Kholifa Mabang Chiefdom","pop","2025","21602.3093310847"
"Tonkolili District","Kholifa Mamuntha Chiefdom","pop","2021","17674"
"Tonkolili District","Kholifa Mamuntha Chiefdom","pop","2022","18093"
"Tonkolili District","Kholifa Mamuntha Chiefdom","pop","2023","18631"
"Tonkolili District","Kholifa Mamuntha Chiefdom","pop","2024","19106"
"Tonkolili District","Kholifa Mamuntha Chiefdom","pop","2025","19579.74850464955"
"Tonkolili District","Kholifa Rowalla Chiefdom","pop","2021","59697"
"Tonkolili District","Kholifa Rowalla Chiefdom","pop","2022","61109"
"Tonkolili District","Kholifa Rowalla Chiefdom","pop","2023","62927"
"Tonkolili District","Kholifa Rowalla Chiefdom","pop","2024","64532"
"Tonkolili District","Kholifa Rowalla Chiefdom","pop","2025","66130.64056577024"
"Kambia District","Konimaka Chiefdom","pop","2021","16028"
"Kambia District","Konimaka Chiefdom","pop","2022","16407"
"Kambia District","Konimaka Chiefdom","pop","2023","16896"
"Kambia District","Konimaka Chiefdom","pop","2024","17327"
"Kambia District","Konimaka Chiefdom","pop","2025","17756.14447725572"
"Kailahun District","Kissi Kama Chiefdom","pop","2021","23893"
"Kailahun District","Kissi Kama Chiefdom","pop","2022","24458"
"Kailahun District","Kissi Kama Chiefdom","pop","2023","25186"
"Kailahun District","Kissi Kama Chiefdom","pop","2024","25829"
"Kailahun District","Kissi Kama Chiefdom","pop","2025","26469.25253577394"
"Kailahun District","Kissi Teng Chiefdom","pop","2021","52825"
"Kailahun District","Kissi Teng Chiefdom","pop","2022","54075"
"Kailahun District","Kissi Teng Chiefdom","pop","2023","55683"
"Kailahun District","Kissi Teng Chiefdom","pop","2024","57103"
"Kailahun District","Kissi Teng Chiefdom","pop","2025","58518.293490892705"
"Kailahun District","Kissi Tongi Chiefdom","pop","2021","59612"
"Kailahun District","Kissi Tongi Chiefdom","pop","2022","61023"
"Kailahun District","Kissi Tongi Chiefdom","pop","2023","62837"
"Kailahun District","Kissi Tongi Chiefdom","pop","2024","64440"
"Kailahun District","Kissi Tongi Chiefdom","pop","2025","66036.66097225323"
"Kono District","Koidu New Sembehun City","pop","2021","149797"
"Kono District","Koidu New Sembehun City","pop","2022","153342"
"Kono District","Koidu New Sembehun City","pop","2023","157901"
"Kono District","Koidu New Sembehun City","pop","2024","161929"
"Kono District","Koidu New Sembehun City","pop","2025","165941.96779538004"
"Bo District","Komboya Chiefdom","pop","2021","18279"
"Bo District","Komboya Chiefdom","pop","2022","18712"
"Bo District","Komboya Chiefdom","pop","2023","19268"
"Bo District","Komboya Chiefdom","pop","2024","19760"
"Bo District","Komboya Chiefdom","pop","2025","20249.60305418566"
"Moyamba District","Kongbora Chiefdom","pop","2021","12084"
"Moyamba District","Kongbora Chiefdom","pop","2022","12370"
"Moyamba District","Kongbora Chiefdom","pop","2023","12738"
"Moyamba District","Kongbora Chiefdom","pop","2024","13063"
"Moyamba District","Kongbora Chiefdom","pop","2025","13387.093161624665"
"Moyamba District","Kori Chiefdom","pop","2021","35702"
"Moyamba District","Kori Chiefdom","pop","2022","36547"
"Moyamba District","Kori Chiefdom","pop","2023","37633"
"Moyamba District","Kori Chiefdom","pop","2024","38593"
"Moyamba District","Kori Chiefdom","pop","2025","39550.41212701346"
"Moyamba District","Kowa Chiefdom","pop","2021","11410"
"Moyamba District","Kowa Chiefdom","pop","2022","11680"
"Moyamba District","Kowa Chiefdom","pop","2023","12028"
"Moyamba District","Kowa Chiefdom","pop","2024","12335"
"Moyamba District","Kowa Chiefdom","pop","2025","12641.255110947146"
"Kenema District","Koya (Kenema) Chiefdom","pop","2021","15774"
"Kenema District","Koya (Kenema) Chiefdom","pop","2022","16147"
"Kenema District","Koya (Kenema) Chiefdom","pop","2023","16628"
"Kenema District","Koya (Kenema) Chiefdom","pop","2024","17052"
"Kenema District","Koya (Kenema) Chiefdom","pop","2025","17475.205479614455"
"Port Loko District","Koya (Port Loko) Chiefdom","pop","2021","99658"
"Port Loko District","Koya (Port Loko) Chiefdom","pop","2022","102017"
"Port Loko District","Koya (Port Loko) Chiefdom","pop","2023","105050"
"Port Loko District","Koya (Port Loko) Chiefdom","pop","2024","107730"
"Port Loko District","Koya (Port Loko) Chiefdom","pop","2025","110400.02802682914"
"Western Rural District","Koya Rural Zone","pop","2021","82396"
"Western Rural District","Koya Rural Zone","pop","2022","84346"
"Western Rural District","Koya Rural Zone","pop","2023","86854"
"Western Rural District","Koya Rural Zone","pop","2024","89070"
"Western Rural District","Koya Rural Zone","pop","2025","91277.18031193779"
"Pujehun District","Kpaka Chiefdom","pop","2021","19268"
"Pujehun District","Kpaka Chiefdom","pop","2022","19724"
"Pujehun District","Kpaka Chiefdom","pop","2023","20310"
"Pujehun District","Kpaka Chiefdom","pop","2024","20828"
"Pujehun District","Kpaka Chiefdom","pop","2025","21345.365123277566"
"Bonthe District","Kpanda Kemoh Chiefdom","pop","2021","12213"
"Bonthe District","Kpanda Kemoh Chiefdom","pop","2022","12502"
"Bonthe District","Kpanda Kemoh Chiefdom","pop","2023","12874"
"Bonthe District","Kpanda Kemoh Chiefdom","pop","2024","13202"
"Bonthe District","Kpanda Kemoh Chiefdom","pop","2025","13529.062334809933"
"Kailahun District","Peje Bongre Chiefdom","pop","2021","29448"
"Kailahun District","Peje Bongre Chiefdom","pop","2022","30145"
"Kailahun District","Peje Bongre Chiefdom","pop","2023","31041"
"Kailahun District","Peje Bongre Chiefdom","pop","2024","31833"
"Kailahun District","Peje Bongre Chiefdom","pop","2025","32621.916562408605"
"Kailahun District","Peje West Chiefdom","pop","2021","32227"
"Kailahun District","Peje West Chiefdom","pop","2022","32990"
"Kailahun District","Peje West Chiefdom","pop","2023","33970"
"Kailahun District","Peje West Chiefdom","pop","2024","34837"
"Kailahun District","Peje West Chiefdom","pop","2025","35700.248141545446"
"Falaba District","Kulor Saradu Chiefdom","pop","2021","14479"
"Falaba District","Kulor Saradu Chiefdom","pop","2022","14822"
"Falaba District","Kulor Saradu Chiefdom","pop","2023","15262"
"Falaba District","Kulor Saradu Chiefdom","pop","2024","15652"
"Falaba District","Kulor Saradu Chiefdom","pop","2025","16040.51700411547"
"Tonkolili District","Kunike Barina Chiefdom","pop","2021","29537"
"Tonkolili District","Kunike Barina Chiefdom","pop","2022","30236"
"Tonkolili District","Kunike Barina Chiefdom","pop","2023","31135"
"Tonkolili District","Kunike Barina Chiefdom","pop","2024","31929"
"Tonkolili District","Kunike Barina Chiefdom","pop","2025","32720.89507047439"
"Tonkolili District","Kunike Fulawusu Chiefdom","pop","2021","27547"
"Tonkolili District","Kunike Fulawusu Chiefdom","pop","2022","28199"
"Tonkolili District","Kunike Fulawusu Chiefdom","pop","2023","29037"
"Tonkolili District","Kunike Fulawusu Chiefdom","pop","2024","29778"
"Tonkolili District","Kunike Fulawusu Chiefdom","pop","2025","30516.373754463755"
"Tonkolili District","Kunike Sanda Chiefdom","pop","2021","59520"
"Tonkolili District","Kunike Sanda Chiefdom","pop","2022","60928"
"Tonkolili District","Kunike Sanda Chiefdom","pop","2023","62740"
"Tonkolili District","Kunike Sanda Chiefdom","pop","2024","64341"
"Tonkolili District","Kunike Sanda Chiefdom","pop","2025","65935.68289836794"
"Bonthe District","Kwamebai Krim Chiefdom","pop","2021","16718"
"Bonthe District","Kwamebai Krim Chiefdom","pop","2022","17114"
"Bonthe District","Kwamebai Krim Chiefdom","pop","2023","17624"
"Bonthe District","Kwamebai Krim Chiefdom","pop","2024","18073"
"Bonthe District","Kwamebai Krim Chiefdom","pop","2025","18520.97840321859"
"Kenema District","Langroma Chiefdom","pop","2021","4193"
"Kenema District","Langroma Chiefdom","pop","2022","4293"
"Kenema District","Langroma Chiefdom","pop","2023","4420"
"Kenema District","Langroma Chiefdom","pop","2024","4533"
"Kenema District","Langroma Chiefdom","pop","2025","4645.991181633295"
"Kono District","Lei Chiefdom","pop","2021","31551"
"Kono District","Lei Chiefdom","pop","2022","32297"
"Kono District","Lei Chiefdom","pop","2023","33258"
"Kono District","Lei Chiefdom","pop","2024","34106"
"Kono District","Lei Chiefdom","pop","2025","34951.410742138665"
"Karene District","Gormbahun Chiefdom","pop","2021","13771"
"Karene District","Gormbahun Chiefdom","pop","2022","14097"
"Karene District","Gormbahun Chiefdom","pop","2023","14516"
"Karene District","Gormbahun Chiefdom","pop","2024","14887"
"Karene District","Gormbahun Chiefdom","pop","2025","15255.687419957489"
"Port Loko District","Lokomasama Chiefdom","pop","2021","56504"
"Port Loko District","Lokomasama Chiefdom","pop","2022","57841"
"Port Loko District","Lokomasama Chiefdom","pop","2023","59561"
"Port Loko District","Lokomasama Chiefdom","pop","2024","61080"
"Port Loko District","Lokomasama Chiefdom","pop","2025","62594.40841396543"
"Kenema District","Lower Bambara Chiefdom","pop","2021","89250"
"Kenema District","Lower Bambara Chiefdom","pop","2022","91362"
"Kenema District","Lower Bambara Chiefdom","pop","2023","94078"
"Kenema District","Lower Bambara Chiefdom","pop","2024","96478"
"Kenema District","Lower Bambara Chiefdom","pop","2025","98868.53194571046"
"Moyamba District","Lower Banta Chiefdom","pop","2021","43661"
"Moyamba District","Lower Banta Chiefdom","pop","2022","44695"
"Moyamba District","Lower Banta Chiefdom","pop","2023","46024"
"Moyamba District","Lower Banta Chiefdom","pop","2024","47199"
"Moyamba District","Lower Banta Chiefdom","pop","2025","48368.49739105599"
"Kailahun District","Luawa Chiefdom","pop","2021","94823"
"Kailahun District","Luawa Chiefdom","pop","2022","97067"
"Kailahun District","Luawa Chiefdom","pop","2023","99953"
"Kailahun District","Luawa Chiefdom","pop","2024","102502"
"Kailahun District","Luawa Chiefdom","pop","2025","105042.19141345"
"Bo District","Lugbu Chiefdom","pop","2021","29780"
"Bo District","Lugbu Chiefdom","pop","2022","30485"
"Bo District","Lugbu Chiefdom","pop","2023","31392"
"Bo District","Lugbu Chiefdom","pop","2024","32192"
"Bo District","Lugbu Chiefdom","pop","2025","32990.83645610834"
"Port Loko District","Maconteh Chiefdom","pop","2021","11702"
"Port Loko District","Maconteh Chiefdom","pop","2022","11979"
"Port Loko District","Maconteh Chiefdom","pop","2023","12336"
"Port Loko District","Maconteh Chiefdom","pop","2024","12651"
"Port Loko District","Maconteh Chiefdom","pop","2025","12965.184773707892"
"Kono District","Mafindor Chiefdom","pop","2021","16033"
"Kono District","Mafindor Chiefdom","pop","2022","16412"
"Kono District","Mafindor Chiefdom","pop","2023","16901"
"Kono District","Mafindor Chiefdom","pop","2024","17332"
"Kono District","Mafindor Chiefdom","pop","2025","17762.14317471425"
"Karene District","Mafonda Makerembay Chiefdom","pop","2021","5182"
"Karene District","Mafonda Makerembay Chiefdom","pop","2022","5305"
"Karene District","Mafonda Makerembay Chiefdom","pop","2023","5463"
"Karene District","Mafonda Makerembay Chiefdom","pop","2024","5602"
"Karene District","Mafonda Makerembay Chiefdom","pop","2025","5741.753250725203"
"Port Loko District","Maforki Chiefdom","pop","2021","42067"
"Port Loko District","Maforki Chiefdom","pop","2022","43062"
"Port Loko District","Maforki Chiefdom","pop","2023","44343"
"Port Loko District","Maforki Chiefdom","pop","2024","45475"
"Port Loko District","Maforki Chiefdom","pop","2025","46601.88098951821"
"Bombali District","Magbaimba Ndohahun Chiefdom","pop","2021","14845"
"Bombali District","Magbaimba Ndohahun Chiefdom","pop","2022","15196"
"Bombali District","Magbaimba Ndohahun Chiefdom","pop","2023","15649"
"Bombali District","Magbaimba Ndohahun Chiefdom","pop","2024","16048"
"Bombali District","Magbaimba Ndohahun Chiefdom","pop","2025","16445.429082566403"
"Kambia District","Magbema Chiefdom","pop","2021","107834"
"Kambia District","Magbema Chiefdom","pop","2022","110386"
"Kambia District","Magbema Chiefdom","pop","2023","113668"
"Kambia District","Magbema Chiefdom","pop","2024","116568"
"Kambia District","Magbema Chiefdom","pop","2025","119457.06140630321"
"Port Loko District","Makama Chiefdom","pop","2021","11132"
"Port Loko District","Makama Chiefdom","pop","2022","11395"
"Port Loko District","Makama Chiefdom","pop","2023","11734"
"Port Loko District","Makama Chiefdom","pop","2024","12034"
"Port Loko District","Makama Chiefdom","pop","2025","12332.32219183273"
"Bombali District","Makarie Chiefdom","pop","2021","45882"
"Bombali District","Makarie Chiefdom","pop","2022","46968"
"Bombali District","Makarie Chiefdom","pop","2023","48365"
"Bombali District","Makarie Chiefdom","pop","2024","49599"
"Bombali District","Makarie Chiefdom","pop","2025","50827.96334905425"
"Bombali District","Makeni City","pop","2021","147387"
"Bombali District","Makeni City","pop","2022","150875"
"Bombali District","Makeni City","pop","2023","155361"
"Bombali District","Makeni City","pop","2024","159324"
"Bombali District","Makeni City","pop","2025","163271.5476434234"
"Pujehun District","Makpele Chiefdom","pop","2021","36364"
"Pujehun District","Makpele Chiefdom","pop","2022","37225"
"Pujehun District","Makpele Chiefdom","pop","2023","38332"
"Pujehun District","Makpele Chiefdom","pop","2024","39310"
"Pujehun District","Makpele Chiefdom","pop","2025","40285.252565683666"
"Tonkolili District","Malal Chiefdom","pop","2021","15798"
"Tonkolili District","Malal Chiefdom","pop","2022","16171"
"Tonkolili District","Malal Chiefdom","pop","2023","16652"
"Tonkolili District","Malal Chiefdom","pop","2024","17077"
"Tonkolili District","Malal Chiefdom","pop","2025","17500.200052358337"
"Kenema District","Malegohun Chiefdom","pop","2021","24037"
"Kenema District","Malegohun Chiefdom","pop","2022","24606"
"Kenema District","Malegohun Chiefdom","pop","2023","25338"
"Kenema District","Malegohun Chiefdom","pop","2024","25985"
"Kenema District","Malegohun Chiefdom","pop","2025","26629.217801334802"
"Kailahun District","Malema Chiefdom","pop","2021","43402"
"Kailahun District","Malema Chiefdom","pop","2022","44429"
"Kailahun District","Malema Chiefdom","pop","2023","45750"
"Kailahun District","Malema Chiefdom","pop","2024","46918"
"Kailahun District","Malema Chiefdom","pop","2025","48080.55991304644"
"Pujehun District","Malen Chiefdom","pop","2021","57638"
"Pujehun District","Malen Chiefdom","pop","2022","59003"
"Pujehun District","Malen Chiefdom","pop","2023","60756"
"Pujehun District","Malen Chiefdom","pop","2024","62306"
"Pujehun District","Malen Chiefdom","pop","2025","63850.135748618195"
"Kambia District","Mambolo Chiefdom","pop","2021","44404"
"Kambia District","Mambolo Chiefdom","pop","2022","45455"
"Kambia District","Mambolo Chiefdom","pop","2023","46807"
"Kambia District","Mambolo Chiefdom","pop","2024","48001"
"Kambia District","Mambolo Chiefdom","pop","2025","49191.31872578467"
"Kailahun District","Mandu Chiefdom","pop","2021","36252"
"Kailahun District","Mandu Chiefdom","pop","2022","37110"
"Kailahun District","Mandu Chiefdom","pop","2023","38213"
"Kailahun District","Mandu Chiefdom","pop","2024","39188"
"Kailahun District","Mandu Chiefdom","pop","2025","40160.279701964246"
"Bombali District","Mara Chiefdom","pop","2021","20418"
"Bombali District","Mara Chiefdom","pop","2022","20901"
"Bombali District","Mara Chiefdom","pop","2023","21523"
"Bombali District","Mara Chiefdom","pop","2024","22072"
"Bombali District","Mara Chiefdom","pop","2025","22619.088550305936"
"Port Loko District","Marampa Chiefdom","pop","2021","69409"
"Port Loko District","Marampa Chiefdom","pop","2022","71051"
"Port Loko District","Marampa Chiefdom","pop","2023","73164"
"Port Loko District","Marampa Chiefdom","pop","2024","75030"
"Port Loko District","Marampa Chiefdom","pop","2025","76890.30424055774"
"Port Loko District","Masimera Chiefdom","pop","2021","47787"
"Port Loko District","Masimera Chiefdom","pop","2022","48918"
"Port Loko District","Masimera Chiefdom","pop","2023","50373"
"Port Loko District","Masimera Chiefdom","pop","2024","51658"
"Port Loko District","Masimera Chiefdom","pop","2025","52938.50507154788"
"Kambia District","Masumgbala Chiefdom","pop","2021","18345"
"Kambia District","Masumgbala Chiefdom","pop","2022","18779"
"Kambia District","Masumgbala Chiefdom","pop","2023","19338"
"Kambia District","Masumgbala Chiefdom","pop","2024","19831"
"Kambia District","Masumgbala Chiefdom","pop","2025","20323.58698950756"
"Tonkolili District","Gbokolenken Mayeppoh Chiefdom","pop","2021","21910"
"Tonkolili District","Gbokolenken Mayeppoh Chiefdom","pop","2022","22428"
"Tonkolili District","Gbokolenken Mayeppoh Chiefdom","pop","2023","23095"
"Tonkolili District","Gbokolenken Mayeppoh Chiefdom","pop","2024","23684"
"Tonkolili District","Gbokolenken Mayeppoh Chiefdom","pop","2025","24271.729700131593"
"Falaba District","Mongo Chiefdom","pop","2021","18160"
"Falaba District","Mongo Chiefdom","pop","2022","18590"
"Falaba District","Mongo Chiefdom","pop","2023","19143"
"Falaba District","Mongo Chiefdom","pop","2024","19631"
"Falaba District","Mongo Chiefdom","pop","2025","20117.631710097947"
"Pujehun District","Mano Sakrim Chiefdom","pop","2021","15085"
"Pujehun District","Mano Sakrim Chiefdom","pop","2022","15442"
"Pujehun District","Mano Sakrim Chiefdom","pop","2023","15901"
"Pujehun District","Mano Sakrim Chiefdom","pop","2024","16307"
"Pujehun District","Mano Sakrim Chiefdom","pop","2025","16711.371336561337"
"Falaba District","Morifindu Chiefdom","pop","2021","13224"
"Falaba District","Morifindu Chiefdom","pop","2022","13536"
"Falaba District","Morifindu Chiefdom","pop","2023","13940"
"Falaba District","Morifindu Chiefdom","pop","2024","14295"
"Falaba District","Morifindu Chiefdom","pop","2025","14649.818976645724"
"Western Rural District","Mountain Rural Zone","pop","2021","35671"
"Western Rural District","Mountain Rural Zone","pop","2022","36516"
"Western Rural District","Mountain Rural Zone","pop","2023","37601"
"Western Rural District","Mountain Rural Zone","pop","2024","38560"
"Western Rural District","Mountain Rural Zone","pop","2025","39515.41972517202"
"Kambia District","Munu Thalla Chiefdom","pop","2021","18858"
"Kambia District","Munu Thalla Chiefdom","pop","2022","19305"
"Kambia District","Munu Thalla Chiefdom","pop","2023","19879"
"Kambia District","Munu Thalla Chiefdom","pop","2024","20386"
"Kambia District","Munu Thalla Chiefdom","pop","2025","20891.46368224862"
"Bombali District","Ngowahun Chiefdom","pop","2021","23807"
"Bombali District","Ngowahun Chiefdom","pop","2022","24371"
"Bombali District","Ngowahun Chiefdom","pop","2023","25095"
"Bombali District","Ngowahun Chiefdom","pop","2024","25736"
"Bombali District","Ngowahun Chiefdom","pop","2025","26374.273159347176"
"Falaba District","Neya Chiefdom","pop","2021","29530"
"Falaba District","Neya Chiefdom","pop","2022","30229"
"Falaba District","Neya Chiefdom","pop","2023","31128"
"Falaba District","Neya Chiefdom","pop","2024","31922"
"Falaba District","Neya Chiefdom","pop","2025","32713.8965901061"
"Kenema District","Niawa Chiefdom","pop","2021","9144"
"Kenema District","Niawa Chiefdom","pop","2022","9360"
"Kenema District","Niawa Chiefdom","pop","2023","9638"
"Kenema District","Niawa Chiefdom","pop","2024","9884"
"Kenema District","Niawa Chiefdom","pop","2025","10129.800441641606"
"Bo District","Niawa Lenga Chiefdom","pop","2021","16328"
"Bo District","Niawa Lenga Chiefdom","pop","2022","16714"
"Bo District","Niawa Lenga Chiefdom","pop","2023","17211"
"Bo District","Niawa Lenga Chiefdom","pop","2024","17650"
"Bo District","Niawa Lenga Chiefdom","pop","2025","18088.07240329451"
"Koinadugu District","Nieni Chiefdom","pop","2021","37857"
"Koinadugu District","Nieni Chiefdom","pop","2022","38753"
"Koinadugu District","Nieni Chiefdom","pop","2023","39905"
"Koinadugu District","Nieni Chiefdom","pop","2024","40924"
"Koinadugu District","Nieni Chiefdom","pop","2025","41937.89371550932"
"Kono District","Nimikoro Chiefdom","pop","2021","71634"
"Kono District","Nimikoro Chiefdom","pop","2022","73329"
"Kono District","Nimikoro Chiefdom","pop","2023","75510"
"Kono District","Nimikoro Chiefdom","pop","2024","77436"
"Kono District","Nimikoro Chiefdom","pop","2025","79355.76889601453"
"Kono District","Nimiyama Chiefdom","pop","2021","32957"
"Kono District","Nimiyama Chiefdom","pop","2022","33737"
"Kono District","Nimiyama Chiefdom","pop","2023","34740"
"Kono District","Nimiyama Chiefdom","pop","2024","35626"
"Kono District","Nimiyama Chiefdom","pop","2025","36510.07229844731"
"Kailahun District","Njaluahun Chiefdom","pop","2021","59623"
"Kailahun District","Njaluahun Chiefdom","pop","2022","61034"
"Kailahun District","Njaluahun Chiefdom","pop","2023","62848"
"Kailahun District","Njaluahun Chiefdom","pop","2024","64451"
"Kailahun District","Njaluahun Chiefdom","pop","2025","66048.6583671703"
"Kenema District","Nomo Chiefdom","pop","2021","6425"
"Kenema District","Nomo Chiefdom","pop","2022","6577"
"Kenema District","Nomo Chiefdom","pop","2023","6773"
"Kenema District","Nomo Chiefdom","pop","2024","6946"
"Kenema District","Nomo Chiefdom","pop","2025","7118.454317458373"
"Bonthe District","Nongoba Bullom Chiefdom","pop","2021","23471"
"Bonthe District","Nongoba Bullom Chiefdom","pop","2022","24026"
"Bonthe District","Nongoba Bullom Chiefdom","pop","2023","24740"
"Bonthe District","Nongoba Bullom Chiefdom","pop","2024","25371"
"Bonthe District","Nongoba Bullom Chiefdom","pop","2025","26000.35435109866"
"Kenema District","Nongowa Chiefdom","pop","2021","53308"
"Kenema District","Nongowa Chiefdom","pop","2022","54570"
"Kenema District","Nongowa Chiefdom","pop","2023","56193"
"Kenema District","Nongowa Chiefdom","pop","2024","57626"
"Kenema District","Nongowa Chiefdom","pop","2025","59054.177130521595"
"Falaba District","Nyedu Chiefdom","pop","2021","5955"
"Falaba District","Nyedu Chiefdom","pop","2022","6096"
"Falaba District","Nyedu Chiefdom","pop","2023","6279"
"Falaba District","Nyedu Chiefdom","pop","2024","6438"
"Falaba District","Nyedu Chiefdom","pop","2025","6598.56720438557"
"Bombali District","Paki Masabong Chiefdom","pop","2021","23260"
"Bombali District","Paki Masabong Chiefdom","pop","2022","23810"
"Bombali District","Paki Masabong Chiefdom","pop","2023","24519"
"Bombali District","Paki Masabong Chiefdom","pop","2024","25144"
"Bombali District","Paki Masabong Chiefdom","pop","2025","25767.404933125654"
"Pujehun District","Kpanga Chiefdom","pop","2021","53553"
"Pujehun District","Kpanga Chiefdom","pop","2022","54820"
"Pujehun District","Kpanga Chiefdom","pop","2023","56450"
"Pujehun District","Kpanga Chiefdom","pop","2024","57891"
"Pujehun District","Kpanga Chiefdom","pop","2025","59326.11808197506"
"Pujehun District","Kpanga Krim Chiefdom","pop","2021","10494"
"Pujehun District","Kpanga Krim Chiefdom","pop","2022","10742"
"Pujehun District","Kpanga Krim Chiefdom","pop","2023","11062"
"Pujehun District","Kpanga Krim Chiefdom","pop","2024","11344"
"Pujehun District","Kpanga Krim Chiefdom","pop","2025","11625.475674635669"
"Pujehun District","Peje Chiefdom","pop","2021","15912"
"Pujehun District","Peje Chiefdom","pop","2022","16289"
"Pujehun District","Peje Chiefdom","pop","2023","16773"
"Pujehun District","Peje Chiefdom","pop","2024","17201"
"Pujehun District","Peje Chiefdom","pop","2025","17627.172481897273"
"Kailahun District","Penguia Chiefdom","pop","2021","30739"
"Kailahun District","Penguia Chiefdom","pop","2022","31466"
"Kailahun District","Penguia Chiefdom","pop","2023","32402"
"Kailahun District","Penguia Chiefdom","pop","2024","33229"
"Kailahun District","Penguia Chiefdom","pop","2025","34052.60590626857"
"Pujehun District","Perri Chiefdom","pop","2021","36716"
"Pujehun District","Perri Chiefdom","pop","2022","37585"
"Pujehun District","Perri Chiefdom","pop","2023","38703"
"Pujehun District","Perri Chiefdom","pop","2024","39691"
"Pujehun District","Perri Chiefdom","pop","2025","40675.16790048827"
"Tonkolili District","Gbokolenken Polie Chiefdom","pop","2021","9536"
"Tonkolili District","Gbokolenken Polie Chiefdom","pop","2022","9761"
"Tonkolili District","Gbokolenken Polie Chiefdom","pop","2023","10052"
"Tonkolili District","Gbokolenken Polie Chiefdom","pop","2024","10308"
"Tonkolili District","Gbokolenken Polie Chiefdom","pop","2025","10564.7060073852"
"Port Loko District","Port Loko City","pop","2021","50354"
"Port Loko District","Port Loko City","pop","2022","51546"
"Port Loko District","Port Loko City","pop","2023","53078"
"Port Loko District","Port Loko City","pop","2024","54433"
"Port Loko District","Port Loko City","pop","2025","55781.88766689221"
"Moyamba District","Ribbi Chiefdom","pop","2021","38804"
"Moyamba District","Ribbi Chiefdom","pop","2022","39722"
"Moyamba District","Ribbi Chiefdom","pop","2023","40903"
"Moyamba District","Ribbi Chiefdom","pop","2024","41946"
"Moyamba District","Ribbi Chiefdom","pop","2025","42985.66620493297"
"Karene District","Romende Chiefdom","pop","2021","24696"
"Karene District","Romende Chiefdom","pop","2022","25280"
"Karene District","Romende Chiefdom","pop","2023","26032"
"Karene District","Romende Chiefdom","pop","2024","26696"
"Karene District","Romende Chiefdom","pop","2025","27358.059542546478"
"Karene District","Safroko Chiefdom","pop","2021","12847"
"Karene District","Safroko Chiefdom","pop","2022","13151"
"Karene District","Safroko Chiefdom","pop","2023","13542"
"Karene District","Safroko Chiefdom","pop","2024","13888"
"Karene District","Safroko Chiefdom","pop","2025","14231.90972036797"
"Bombali District","Safroko Limba Chiefdom","pop","2021","36570"
"Bombali District","Safroko Limba Chiefdom","pop","2022","37435"
"Bombali District","Safroko Limba Chiefdom","pop","2023","38548"
"Bombali District","Safroko Limba Chiefdom","pop","2024","39532"
"Bombali District","Safroko Limba Chiefdom","pop","2025","40512.20328619814"
"Tonkolili District","Sambaya Bendugu Chiefdom","pop","2021","37432"
"Tonkolili District","Sambaya Bendugu Chiefdom","pop","2022","38318"
"Tonkolili District","Sambaya Bendugu Chiefdom","pop","2023","39457"
"Tonkolili District","Sambaya Bendugu Chiefdom","pop","2024","40463"
"Tonkolili District","Sambaya Bendugu Chiefdom","pop","2025","41465.996182104784"
"Kambia District","Samu Chiefdom","pop","2021","75805"
"Kambia District","Samu Chiefdom","pop","2022","77599"
"Kambia District","Samu Chiefdom","pop","2023","79907"
"Kambia District","Samu Chiefdom","pop","2024","81945"
"Kambia District","Samu Chiefdom","pop","2025","83975.76572199419"
"Karene District","Sanda Loko Chiefdom","pop","2021","52738"
"Karene District","Sanda Loko Chiefdom","pop","2022","53987"
"Karene District","Sanda Loko Chiefdom","pop","2023","55592"
"Karene District","Sanda Loko Chiefdom","pop","2024","57010"
"Karene District","Sanda Loko Chiefdom","pop","2025","58422.31433155619"
"Karene District","Sanda Magbolonthor Chiefdom","pop","2021","27766"
"Karene District","Sanda Magbolonthor Chiefdom","pop","2022","28423"
"Karene District","Sanda Magbolonthor Chiefdom","pop","2023","29268"
"Karene District","Sanda Magbolonthor Chiefdom","pop","2024","30014"
"Karene District","Sanda Magbolonthor Chiefdom","pop","2025","30758.321218624562"
"Karene District","Sanda Tendaren Chiefdom","pop","2021","30687"
"Karene District","Sanda Tendaren Chiefdom","pop","2022","31413"
"Karene District","Sanda Tendaren Chiefdom","pop","2023","32348"
"Karene District","Sanda Tendaren Chiefdom","pop","2024","33173"
"Karene District","Sanda Tendaren Chiefdom","pop","2025","33995.61828041251"
"Kono District","Sandor Chiefdom","pop","2021","105160"
"Kono District","Sandor Chiefdom","pop","2022","107649"
"Kono District","Sandor Chiefdom","pop","2023","110849"
"Kono District","Sandor Chiefdom","pop","2024","113677"
"Kono District","Sandor Chiefdom","pop","2025","116493.70486178824"
"Bo District","Selenga Chiefdom","pop","2021","10735"
"Bo District","Selenga Chiefdom","pop","2022","10989"
"Bo District","Selenga Chiefdom","pop","2023","11316"
"Bo District","Selenga Chiefdom","pop","2024","11606"
"Bo District","Selenga Chiefdom","pop","2025","11893.417494450114"
"Karene District","Sella Limba Chiefdom","pop","2021","68330"
"Karene District","Sella Limba Chiefdom","pop","2022","69947"
"Karene District","Sella Limba Chiefdom","pop","2023","72027"
"Karene District","Sella Limba Chiefdom","pop","2024","73864"
"Karene District","Sella Limba Chiefdom","pop","2025","75694.56388049028"
"Koinadugu District","Sengbeh Chiefdom","pop","2021","29000"
"Koinadugu District","Sengbeh Chiefdom","pop","2022","29686"
"Koinadugu District","Sengbeh Chiefdom","pop","2023","30569"
"Koinadugu District","Sengbeh Chiefdom","pop","2024","31349"
"Koinadugu District","Sengbeh Chiefdom","pop","2025","32127.024022079688"
"Kenema District","Simbaru Chiefdom","pop","2021","20355"
"Kenema District","Simbaru Chiefdom","pop","2022","20836"
"Kenema District","Simbaru Chiefdom","pop","2023","21457"
"Kenema District","Simbaru Chiefdom","pop","2024","22004"
"Kenema District","Simbaru Chiefdom","pop","2025","22549.103746623055"
"Tonkolili District","Simiria Chiefdom","pop","2021","32743"
"Tonkolili District","Simiria Chiefdom","pop","2022","33518"
"Tonkolili District","Simiria Chiefdom","pop","2023","34515"
"Tonkolili District","Simiria Chiefdom","pop","2024","35396"
"Tonkolili District","Simiria Chiefdom","pop","2025","36273.123748835285"
"Bonthe District","Sittia Chiefdom","pop","2021","24976"
"Bonthe District","Sittia Chiefdom","pop","2022","25567"
"Bonthe District","Sittia Chiefdom","pop","2023","26328"
"Bonthe District","Sittia Chiefdom","pop","2024","26999"
"Bonthe District","Sittia Chiefdom","pop","2025","27667.99224457065"
"Kenema District","Small Bo Chiefdom","pop","2021","34513"
"Kenema District","Small Bo Chiefdom","pop","2022","35330"
"Kenema District","Small Bo Chiefdom","pop","2023","36380"
"Kenema District","Small Bo Chiefdom","pop","2024","37308"
"Kenema District","Small Bo Chiefdom","pop","2025","38232.69825195585"
"Kono District","Soa Chiefdom","pop","2021","45923"
"Kono District","Soa Chiefdom","pop","2022","47010"
"Kono District","Soa Chiefdom","pop","2023","48408"
"Kono District","Soa Chiefdom","pop","2024","49643"
"Kono District","Soa Chiefdom","pop","2025","50872.95357999324"
"Bonthe District","Sogbini Chiefdom","pop","2021","12710"
"Bonthe District","Sogbini Chiefdom","pop","2022","13011"
"Bonthe District","Sogbini Chiefdom","pop","2023","13398"
"Bonthe District","Sogbini Chiefdom","pop","2024","13740"
"Bonthe District","Sogbini Chiefdom","pop","2025","14080.942500994906"
"Pujehun District","Soro Gbeima Chiefdom","pop","2021","49482"
"Pujehun District","Soro Gbeima Chiefdom","pop","2022","50653"
"Pujehun District","Soro Gbeima Chiefdom","pop","2023","52159"
"Pujehun District","Soro Gbeima Chiefdom","pop","2024","53490"
"Pujehun District","Soro Gbeima Chiefdom","pop","2025","54816.0973760685"
"Pujehun District","Sowa Chiefdom","pop","2021","20049"
"Pujehun District","Sowa Chiefdom","pop","2022","20524"
"Pujehun District","Sowa Chiefdom","pop","2023","21135"
"Pujehun District","Sowa Chiefdom","pop","2024","21673"
"Pujehun District","Sowa Chiefdom","pop","2025","22211.177123125733"
"Falaba District","Sulima Chiefdom","pop","2021","31201"
"Falaba District","Sulima Chiefdom","pop","2022","31939"
"Falaba District","Sulima Chiefdom","pop","2023","32889"
"Falaba District","Sulima Chiefdom","pop","2024","33728"
"Falaba District","Sulima Chiefdom","pop","2025","34564.49475606333"
"Karene District","Tambaka Simibungie Chiefdom","pop","2021","16415"
"Karene District","Tambaka Simibungie Chiefdom","pop","2022","16804"
"Karene District","Tambaka Simibungie Chiefdom","pop","2023","17304"
"Karene District","Tambaka Simibungie Chiefdom","pop","2024","17745"
"Karene District","Tambaka Simibungie Chiefdom","pop","2025","18185.05134554078"
"Karene District","Tambaka Yobangie Chiefdom","pop","2021","28622"
"Karene District","Tambaka Yobangie Chiefdom","pop","2022","29299"
"Karene District","Tambaka Yobangie Chiefdom","pop","2023","30171"
"Karene District","Tambaka Yobangie Chiefdom","pop","2024","30940"
"Karene District","Tambaka Yobangie Chiefdom","pop","2025","31707.11519998242"
"Koinadugu District","Thamiso Chiefdom","pop","2021","7306"
"Koinadugu District","Thamiso Chiefdom","pop","2022","7478"
"Koinadugu District","Thamiso Chiefdom","pop","2023","7701"
"Koinadugu District","Thamiso Chiefdom","pop","2024","7898"
"Koinadugu District","Thamiso Chiefdom","pop","2025","8093.242654469878"
"Tonkolili District","Tane Chiefdom","pop","2021","38944"
"Tonkolili District","Tane Chiefdom","pop","2022","39866"
"Tonkolili District","Tane Chiefdom","pop","2023","41051"
"Tonkolili District","Tane Chiefdom","pop","2024","42098"
"Tonkolili District","Tane Chiefdom","pop","2025","43141.63233885481"
"Kono District","Tankoro Chiefdom","pop","2021","9946"
"Kono District","Tankoro Chiefdom","pop","2022","10182"
"Kono District","Tankoro Chiefdom","pop","2023","10485"
"Kono District","Tankoro Chiefdom","pop","2024","10753"
"Kono District","Tankoro Chiefdom","pop","2025","11019.607231323904"
"Port Loko District","Tainkatopa Chiefdom","pop","2021","12050"
"Port Loko District","Tainkatopa Chiefdom","pop","2022","12335"
"Port Loko District","Tainkatopa Chiefdom","pop","2023","12702"
"Port Loko District","Tainkatopa Chiefdom","pop","2024","13027"
"Port Loko District","Tainkatopa Chiefdom","pop","2025","13350.101193963716"
"Bo District","Tikonko Chiefdom","pop","2021","62252"
"Bo District","Tikonko Chiefdom","pop","2022","63725"
"Bo District","Tikonko Chiefdom","pop","2023","65620"
"Bo District","Tikonko Chiefdom","pop","2024","67294"
"Bo District","Tikonko Chiefdom","pop","2025","68962.0257661975"
"Moyamba District","Timdale Chiefdom","pop","2021","12042"
"Moyamba District","Timdale Chiefdom","pop","2022","12327"
"Moyamba District","Timdale Chiefdom","pop","2023","12693"
"Moyamba District","Timdale Chiefdom","pop","2024","13017"
"Moyamba District","Timdale Chiefdom","pop","2025","13340.103364866163"
"Kono District","Toli Chiefdom","pop","2021","5904"
"Kono District","Toli Chiefdom","pop","2022","6044"
"Kono District","Toli Chiefdom","pop","2023","6224"
"Kono District","Toli Chiefdom","pop","2024","6383"
"Kono District","Toli Chiefdom","pop","2025","6541.579578529514"
"Kambia District","Tonko Limba Chiefdom","pop","2021","68531"
"Kambia District","Tonko Limba Chiefdom","pop","2022","70153"
"Kambia District","Tonko Limba Chiefdom","pop","2023","72239"
"Kambia District","Tonko Limba Chiefdom","pop","2024","74082"
"Kambia District","Tonko Limba Chiefdom","pop","2025","75917.51546936574"
"Kenema District","Tunkia Chiefdom","pop","2021","42184"
"Kenema District","Tunkia Chiefdom","pop","2022","43182"
"Kenema District","Tunkia Chiefdom","pop","2023","44466"
"Kenema District","Tunkia Chiefdom","pop","2024","45600"
"Kenema District","Tunkia Chiefdom","pop","2025","46730.85298487666"
"Kailahun District","Upper Bambara Chiefdom","pop","2021","31413"
"Kailahun District","Upper Bambara Chiefdom","pop","2022","32156"
"Kailahun District","Upper Bambara Chiefdom","pop","2023","33112"
"Kailahun District","Upper Bambara Chiefdom","pop","2024","33957"
"Kailahun District","Upper Bambara Chiefdom","pop","2025","34798.44395694609"
"Moyamba District","Upper Banta Chiefdom","pop","2021","12300"
"Moyamba District","Upper Banta Chiefdom","pop","2022","12591"
"Moyamba District","Upper Banta Chiefdom","pop","2023","12966"
"Moyamba District","Upper Banta Chiefdom","pop","2024","13297"
"Moyamba District","Upper Banta Chiefdom","pop","2025","13627.041059965959"
"Bo District","Valunia Chiefdom","pop","2021","41603"
"Bo District","Valunia Chiefdom","pop","2022","42588"
"Bo District","Valunia Chiefdom","pop","2023","43854"
"Bo District","Valunia Chiefdom","pop","2024","44973"
"Bo District","Valunia Chiefdom","pop","2025","46087.992573903946"
"Kenema District","Wandor Chiefdom","pop","2021","23782"
"Kenema District","Wandor Chiefdom","pop","2022","24345"
"Kenema District","Wandor Chiefdom","pop","2023","25068"
"Kenema District","Wandor Chiefdom","pop","2024","25708"
"Kenema District","Wandor Chiefdom","pop","2025","26345.279454964268"
"Koinadugu District","Wara Wara Bafodia Chiefdom","pop","2021","26231"
"Koinadugu District","Wara Wara Bafodia Chiefdom","pop","2022","26851"
"Koinadugu District","Wara Wara Bafodia Chiefdom","pop","2023","27650"
"Koinadugu District","Wara Wara Bafodia Chiefdom","pop","2024","28355"
"Koinadugu District","Wara Wara Bafodia Chiefdom","pop","2025","29058.6902720404"
"Koinadugu District","Wara Wara Yagala Chiefdom","pop","2021","42290"
"Koinadugu District","Wara Wara Yagala Chiefdom","pop","2022","43291"
"Koinadugu District","Wara Wara Yagala Chiefdom","pop","2023","44579"
"Koinadugu District","Wara Wara Yagala Chiefdom","pop","2024","45716"
"Koinadugu District","Wara Wara Yagala Chiefdom","pop","2025","46849.82715113755"
"Western Rural District","Waterloo Rural Zone","pop","2021","250124"
"Western Rural District","Waterloo Rural Zone","pop","2022","256043"
"Western Rural District","Waterloo Rural Zone","pop","2023","263654"
"Western Rural District","Waterloo Rural Zone","pop","2024","270380"
"Western Rural District","Waterloo Rural Zone","pop","2025","277079.8356096087"
"Western Urban District","West 1 Zone","pop","2021","63159"
"Western Urban District","West 1 Zone","pop","2022","64653"
"Western Urban District","West 1 Zone","pop","2023","66575"
"Western Urban District","West 1 Zone","pop","2024","68274"
"Western Urban District","West 1 Zone","pop","2025","69965.80780759192"
"Western Urban District","West 2 Zone","pop","2021","152276"
"Western Urban District","West 2 Zone","pop","2022","155880"
"Western Urban District","West 2 Zone","pop","2023","160514"
"Western Urban District","West 2 Zone","pop","2024","164609"
"Western Urban District","West 2 Zone","pop","2025","168688.3714484781"
"Western Urban District","West 3 Zone","pop","2021","220637"
"Western Urban District","West 3 Zone","pop","2022","225858"
"Western Urban District","West 3 Zone","pop","2023","232572"
"Western Urban District","West 3 Zone","pop","2024","238505"
"Western Urban District","West 3 Zone","pop","2025","244414.92838208057"
"Falaba District","Barawa Wollay Chiefdom","pop","2021","27584"
"Falaba District","Barawa Wollay Chiefdom","pop","2022","28237"
"Falaba District","Barawa Wollay Chiefdom","pop","2023","29076"
"Falaba District","Barawa Wollay Chiefdom","pop","2024","29819"
"Falaba District","Barawa Wollay Chiefdom","pop","2025","30558.364636673483"
"Bo District","Wonde Chiefdom","pop","2021","17907"
"Bo District","Wonde Chiefdom","pop","2022","18331"
"Bo District","Wonde Chiefdom","pop","2023","18876"
"Bo District","Wonde Chiefdom","pop","2024","19357"
"Bo District","Wonde Chiefdom","pop","2025","19836.692712456686"
"Pujehun District","Yakemoh Kpukumu Krim Chiefdom","pop","2021","16174"
"Pujehun District","Yakemoh Kpukumu Krim Chiefdom","pop","2022","16557"
"Pujehun District","Yakemoh Kpukumu Krim Chiefdom","pop","2023","17050"
"Pujehun District","Yakemoh Kpukumu Krim Chiefdom","pop","2024","17485"
"Pujehun District","Yakemoh Kpukumu Krim Chiefdom","pop","2025","17919.109091545848"
"Bonthe District","Yawbeko Chiefdom","pop","2021","8870"
"Bonthe District","Yawbeko Chiefdom","pop","2022","9080"
"Bonthe District","Yawbeko Chiefdom","pop","2023","9351"
"Bonthe District","Yawbeko Chiefdom","pop","2024","9589"
"Bonthe District","Yawbeko Chiefdom","pop","2025","9827.86600289548"
"Kailahun District","Yawei Chiefdom","pop","2021","34307"
"Kailahun District","Yawei Chiefdom","pop","2022","35119"
"Kailahun District","Yawei Chiefdom","pop","2023","36164"
"Kailahun District","Yawei Chiefdom","pop","2024","37087"
"Kailahun District","Yawei Chiefdom","pop","2025","38005.74753144138"
"Tonkolili District","Gbokolenken Yele Chiefdom","pop","2021","27775"
"Tonkolili District","Gbokolenken Yele Chiefdom","pop","2022","28432"
"Tonkolili District","Gbokolenken Yele Chiefdom","pop","2023","29278"
"Tonkolili District","Gbokolenken Yele Chiefdom","pop","2024","30025"
"Tonkolili District","Gbokolenken Yele Chiefdom","pop","2025","30769.31883063187"
"Tonkolili District","Yoni Mabanta Chiefdom","pop","2021","38963"
"Tonkolili District","Yoni Mabanta Chiefdom","pop","2022","39885"
"Tonkolili District","Yoni Mabanta Chiefdom","pop","2023","41071"
"Tonkolili District","Yoni Mabanta Chiefdom","pop","2024","42119"
"Tonkolili District","Yoni Mabanta Chiefdom","pop","2025","43162.62777995968"
"Tonkolili District","Yoni Mamala Chiefdom","pop","2021","92677"
"Tonkolili District","Yoni Mamala Chiefdom","pop","2022","94870"
"Tonkolili District","Yoni Mamala Chiefdom","pop","2023","97691"
"Tonkolili District","Yoni Mamala Chiefdom","pop","2024","100183"
"Tonkolili District","Yoni Mamala Chiefdom","pop","2025","102665.70743696144"
"Western Rural District","York Rural Zone","pop","2021","151612"
"Western Rural District","York Rural Zone","pop","2022","155200"
"Western Rural District","York Rural Zone","pop","2023","159814"
"Western Rural District","York Rural Zone","pop","2024","163891"
"Western Rural District","York Rural Zone","pop","2025","167952.53122689814"
